{"costs":{"web":119.80799999999999999999999999999999999999999999999999999999999999999999999999999999999999999999999999999999999999999999999999999999999999999999999999999999},"instances":{"web":{"count":4,"hours":720,"type":"t3.medium"}},"total_cost":119.80799999999999999999999999999999999999999999999999999999999999999999999999999999999999999999999999999999999999999999999999999999999999999999999999999999}